Tuned_Model,Untuned_Task4_Model,Untuned_CV_F1_macro,Tuned_CV_F1_macro,Delta_CV_F1_macro,Untuned_Test_F1_macro,Tuned_Test_F1_macro,Delta_Test_F1_macro
HistGradientBoosting_tuned,HistGradientBoosting_balanced,0.713391284249361,0.7175501716971342,0.004158887447773152,0.6853003095909393,0.7071571381091292,0.02185682851818982
RandomForest_tuned,RandomForest_balanced,0.68313153721618,0.7145517752884377,0.03142023807225769,0.6909351197640828,0.7088969004675821,0.017961780703499297
ExtraTrees_tuned,ExtraTrees_balanced,0.696122223186441,0.7134772991267142,0.01735507594027319,0.6952866063294055,0.7138975607420286,0.01861095441262306
LogisticRegression_tuned,LogisticRegression_balanced,0.7083985387752434,0.7082115299381798,-0.00018700883706357363,0.6985453728777214,0.6971724849256122,-0.001372887952109214
RBF_SVM_tuned,RBF_SVM_balanced,0.7126695231036785,0.7080489673091078,-0.004620555794570658,0.7053643549194369,0.7053643549194369,0.0
LinearSVM_tuned,LinearSVM_balanced,0.702867418028372,0.7063164556771911,0.0034490376488190977,0.6963231590021847,0.7029387235895643,0.006615564587379663
GradientBoosting_tuned,GradientBoosting,0.7008200117603803,0.702628916595127,0.0018089048347467163,0.7081762932808239,0.7026771372376316,-0.005499156043192288
DecisionTree_tuned,DecisionTree_default,0.6272437727935255,0.6783076650744426,0.05106389228091712,0.627969676060968,0.669631610516327,0.04166193445535904
MLP_tuned,MLP,0.6523742268016786,0.6743936215047854,0.022019394703106876,0.6706407091650913,0.6712006126116555,0.0005599034465642028
