Target,Dropout,Enrolled,Graduate
Dropout,0.0,28.016334533691406,39.128787994384766
Enrolled,28.016334533691406,0.0,11.798413276672363
Graduate,39.128787994384766,11.798413276672363,0.0
