Model,Family,Best_CV_F1_macro,Best_CV_F1_std,CV_Train_minus_Val_F1,Test_Accuracy,Test_Balanced_Accuracy,Test_Precision_macro,Test_Recall_macro,Test_F1_macro,At-Risk_Precision,At-Risk_Recall,At-Risk_F1,Test_AUC,Seconds
HistGradientBoosting_tuned_collapsed_to_At-Risk,final 3-class model collapsed after prediction,,,,0.8411144578313253,0.8410676011295206,0.8424368982447191,0.8410676011295206,0.840947702123191,0.8215297450424929,0.8721804511278195,0.8460977388767323,0.9321856677893829,
Group_LogisticRegression_tuned,linear At-Risk detector,0.8506215019204152,0.009464746251370313,0.021476839930701153,0.8524096385542169,0.8524455936220643,0.8532146794412812,0.8524455936220643,0.8523342811303671,0.8704581358609794,0.8285714285714286,0.8489984591679507,0.9224962859637782,1.6519277095794678
Group_HistGradientBoosting_tuned,regularized boosting At-Risk detector,0.8505920830703202,0.012809439105285739,0.059023419408613664,0.8501506024096386,0.850180882069427,0.8507178229067285,0.850180882069427,0.8500974781602975,0.8652037617554859,0.8300751879699249,0.8472755180353031,0.9298064164937229,21.023325204849243
Group_RandomForest_tuned,bagged tree At-Risk detector,0.8473286916560726,0.010477026380720147,0.1526713083439274,0.8531626506024096,0.8531974733213123,0.853919126537514,0.8531974733213123,0.8530925948932998,0.8706624605678234,0.8300751879699249,0.8498845265588915,0.9341464521031085,28.37782382965088
