Target,Dropout,Enrolled,Graduate
Dropout,0.0,27.89775276184082,39.15428161621094
Enrolled,27.89775276184082,0.0,11.88040542602539
Graduate,39.15428161621094,11.88040542602539,0.0
